FR001_src.mdl,FD007_src.mdl
FR002_src.mdl,FD004_src.mdl
FR003_src.mdl,FD008_src.mdl
FR004_src.mdl,FD011_src.mdl
FR005_src.mdl,FD012_src.mdl
FR006_src.mdl,FD013_src.mdl
FR007_src.mdl,FD014_src.mdl
FR008_src.mdl,FD015_src.mdl
FR009_src.mdl,FD016_src.mdl
FR010_src.mdl,FD017_src.mdl
FR011_src.mdl,FD018_src.mdl
FR012_src.mdl,FD021_src.mdl
FR013_src.mdl,FD019_src.mdl
FR014_src.mdl,FD021_src.mdl
FR015_src.mdl,FD022_src.mdl
FR016_src.mdl,FD019_src.mdl
FR017_src.mdl,FD020_src.mdl
FR018_src.mdl,FD020_src.mdl
FR019_src.mdl,FD022_src.mdl
FR020_src.mdl,FD027_src.mdl
FR021_src.mdl,FD029_src.mdl
FR022_src.mdl,FD028_src.mdl
FR023_src.mdl,FD030_src.mdl
FR024_src.mdl,FD021_src.mdl
FR025_src.mdl,FD033_src.mdl
FR026_src.mdl,FD021_src.mdl
FR027_src.mdl,FD025_src.mdl
FR028_src.mdl,FD039_src.mdl
FR029_src.mdl,FD019_src.mdl
FR030_src.mdl,FD019_src.mdl
FR031_src.mdl,FD031_src.mdl
FR032_src.mdl,FD032_src.mdl
FR033_src.mdl,FD040_src.mdl
FR034_src.mdl,FD041_src.mdl
FR035_src.mdl,
FR036_src.mdl,FD056_src.mdl
FR037_src.mdl,FD042_src.mdl
FR038_src.mdl,FD043_src.mdl
FR039_src.mdl,
FR040_src.mdl,
FR041_src.mdl,FD044_src.mdl
FR042_src.mdl,FD044_src.mdl
FR043_src.mdl,FD045_src.mdl
FR044_src.mdl,FD046_src.mdl
FR045_src.mdl,FD057_src.mdl
FR046_src.mdl,FD058_src.mdl
FR047_src.mdl,
FR048_src.mdl,
FR049_src.mdl,FD059_src.mdl
FR050_src.mdl,FD060_src.mdl
FR051_src.mdl,FD059_src.mdl
FR052_src.mdl,FD060_src.mdl
FR053_src.mdl,FD062_src.mdl
FR054_src.mdl,FD072_src.mdl
FR055_src.mdl,FD073_src.mdl
FR056_src.mdl,FD074_src.mdl
FR057_src.mdl,FD075_src.mdl
FR058_src.mdl,FD076_src.mdl
FR059_src.mdl,FD077_src.mdl
FR060_src.mdl,FD078_src.mdl
FR061_src.mdl,FD079_src.mdl
FR062_src.mdl,FD080_src.mdl
FR063_src.mdl,FD081_src.mdl
FR064_src.mdl,FD082_src.mdl
FR065_src.mdl,FD084_src.mdl
FR066_src.mdl,
FR067_src.mdl,FD084_src.mdl
FR068_src.mdl,FD102_src.mdl
FR069_src.mdl,FD103_src.mdl
FR070_src.mdl,FD096_src.mdl
FR071_src.mdl,FD107_src.mdl
FR072_src.mdl,FD110_src.mdl
FR073_src.mdl,FD108_src.mdl
FR074_src.mdl,
FR075_src.mdl,
FR076_src.mdl,
FR077_src.mdl,
FR078_src.mdl,FD129_src.mdl
FR079_src.mdl,FD130_src.mdl
FR080_src.mdl,FD131_src.mdl
FR081_src.mdl,FD132_src.mdl
FR082_src.mdl,FD133_src.mdl
FR083_src.mdl,FD134_src.mdl
FR084_src.mdl,FD135_src.mdl
FR085_src.mdl,FD136_src.mdl
FR086_src.mdl,
FR087_src.mdl,FD137_src.mdl
FR088_src.mdl,FD138_src.mdl
FR089_src.mdl,
FR090_src.mdl,FD137_src.mdl
FR091_src.mdl,FD155_src.mdl
FR092_src.mdl,FD156_src.mdl
FR093_src.mdl,
FR094_src.mdl,FD155_src.mdl
FR095_src.mdl,FD144_src.mdl
FR096_src.mdl,FD145_src.mdl
FR097_src.mdl,FD146_src.mdl
FR098_src.mdl,
FR099_src.mdl,FD157_src.mdl
FR100_src.mdl,FD164_src.mdl
FR101_src.mdl,
FR102_src.mdl,FD165_src.mdl
FR103_src.mdl,
FR104_src.mdl,FD171_src.mdl
FR105_src.mdl,FD178_src.mdl
FR106_src.mdl,FD178_src.mdl
FR107_src.mdl,FD179_src.mdl
FR108_src.mdl,FD180_src.mdl
FR109_src.mdl,FD179_src.mdl
FR110_src.mdl,FD180_src.mdl
FR111_src.mdl,FD181_src.mdl
FR112_src.mdl,FD183_src.mdl
FR113_src.mdl,
FR114_src.mdl,FD184_src.mdl
FR115_src.mdl,
