FR001_tgt.mdl,FA004_tgt.mdl
FR002_tgt.mdl,FA008_tgt.mdl
FR003_tgt.mdl,FA007_tgt.mdl
FR004_tgt.mdl,FA012_tgt.mdl
FR005_tgt.mdl,FA013_tgt.mdl
FR006_tgt.mdl,FA014_tgt.mdl
FR007_tgt.mdl,FA011_tgt.mdl
FR008_tgt.mdl,FA016_tgt.mdl
FR009_tgt.mdl,FA017_tgt.mdl
FR010_tgt.mdl,FA018_tgt.mdl
FR011_tgt.mdl,FA015_tgt.mdl
FR012_tgt.mdl,FA019_tgt.mdl
FR013_tgt.mdl,FA021_tgt.mdl
FR014_tgt.mdl,FA022_tgt.mdl
FR015_tgt.mdl,FA021_tgt.mdl
FR016_tgt.mdl,FA020_tgt.mdl
FR017_tgt.mdl,FA019_tgt.mdl
FR018_tgt.mdl,FA022_tgt.mdl
FR019_tgt.mdl,FA020_tgt.mdl
FR020_tgt.mdl,FA029_tgt.mdl
FR021_tgt.mdl,FA027_tgt.mdl
FR022_tgt.mdl,FA030_tgt.mdl
FR023_tgt.mdl,FA028_tgt.mdl
FR024_tgt.mdl,FA033_tgt.mdl
FR025_tgt.mdl,FA021_tgt.mdl
FR026_tgt.mdl,FA035_tgt.mdl
FR027_tgt.mdl,FA037_tgt.mdl
FR028_tgt.mdl,FA023_tgt.mdl
FR029_tgt.mdl,FA040_tgt.mdl
FR030_tgt.mdl,FA041_tgt.mdl
FR031_tgt.mdl,FA032_tgt.mdl
FR032_tgt.mdl,FA031_tgt.mdl
FR033_tgt.mdl,FA041_tgt.mdl
FR034_tgt.mdl,FA040_tgt.mdl
FR035_tgt.mdl,FA056_tgt.mdl
FR036_tgt.mdl,
FR037_tgt.mdl,FA043_tgt.mdl
FR038_tgt.mdl,FA042_tgt.mdl
FR039_tgt.mdl,FA043_tgt.mdl
FR040_tgt.mdl,FA042_tgt.mdl
FR041_tgt.mdl,FA045_tgt.mdl
FR042_tgt.mdl,FA046_tgt.mdl
FR043_tgt.mdl,FA044_tgt.mdl
FR044_tgt.mdl,FA044_tgt.mdl
FR045_tgt.mdl,FA058_tgt.mdl
FR046_tgt.mdl,FA057_tgt.mdl
FR047_tgt.mdl,FA057_tgt.mdl
FR048_tgt.mdl,FA058_tgt.mdl
FR049_tgt.mdl,FA060_tgt.mdl
FR050_tgt.mdl,FA059_tgt.mdl
FR051_tgt.mdl,
FR052_tgt.mdl,
FR053_tgt.mdl,FA064_tgt.mdl
FR054_tgt.mdl,FA073_tgt.mdl
FR055_tgt.mdl,FA074_tgt.mdl
FR056_tgt.mdl,FA075_tgt.mdl
FR057_tgt.mdl,FA076_tgt.mdl
FR058_tgt.mdl,FA077_tgt.mdl
FR059_tgt.mdl,FA072_tgt.mdl
FR060_tgt.mdl,FA079_tgt.mdl
FR061_tgt.mdl,FA080_tgt.mdl
FR062_tgt.mdl,FA081_tgt.mdl
FR063_tgt.mdl,FA082_tgt.mdl
FR064_tgt.mdl,FA078_tgt.mdl
FR065_tgt.mdl,FA083_tgt.mdl
FR066_tgt.mdl,FA083_tgt.mdl
FR067_tgt.mdl,
FR068_tgt.mdl,FA103_tgt.mdl
FR069_tgt.mdl,FA102_tgt.mdl
FR070_tgt.mdl,
FR071_tgt.mdl,FA111_tgt.mdl
FR072_tgt.mdl,FA108_tgt.mdl
FR073_tgt.mdl,FA109_tgt.mdl
FR074_tgt.mdl,FA111_tgt.mdl
FR075_tgt.mdl,FA106_tgt.mdl
FR076_tgt.mdl,FA116_tgt.mdl
FR077_tgt.mdl,FA129_tgt.mdl
FR078_tgt.mdl,FA130_tgt.mdl
FR079_tgt.mdl,FA131_tgt.mdl
FR080_tgt.mdl,FA132_tgt.mdl
FR081_tgt.mdl,FA133_tgt.mdl
FR082_tgt.mdl,FA134_tgt.mdl
FR083_tgt.mdl,FA135_tgt.mdl
FR084_tgt.mdl,FA136_tgt.mdl
FR085_tgt.mdl,
FR086_tgt.mdl,FA137_tgt.mdl
FR087_tgt.mdl,FA138_tgt.mdl
FR088_tgt.mdl,
FR089_tgt.mdl,FA138_tgt.mdl
FR090_tgt.mdl,
FR091_tgt.mdl,FA156_tgt.mdl
FR092_tgt.mdl,FA155_tgt.mdl
FR093_tgt.mdl,FA156_tgt.mdl
FR094_tgt.mdl,
FR095_tgt.mdl,FA145_tgt.mdl
FR096_tgt.mdl,FA146_tgt.mdl
FR097_tgt.mdl,FA144_tgt.mdl
FR098_tgt.mdl,FA145_tgt.mdl
FR099_tgt.mdl,FA158_tgt.mdl
FR100_tgt.mdl,FA165_tgt.mdl
FR101_tgt.mdl,FA164_tgt.mdl
FR102_tgt.mdl,
FR103_tgt.mdl,FA166_tgt.mdl
FR104_tgt.mdl,FA172_tgt.mdl
FR105_tgt.mdl,FA179_tgt.mdl
FR106_tgt.mdl,FA180_tgt.mdl
FR107_tgt.mdl,FA178_tgt.mdl
FR108_tgt.mdl,FA178_tgt.mdl
FR109_tgt.mdl,FA180_tgt.mdl
FR110_tgt.mdl,FA179_tgt.mdl
FR111_tgt.mdl,FA185_tgt.mdl
FR112_tgt.mdl,FA184_tgt.mdl
FR113_tgt.mdl,FA183_tgt.mdl
FR114_tgt.mdl,
FR115_tgt.mdl,FA186_tgt.mdl
