FA001,FA_from_Lightning,3358758
FA002,FA_from_Lightning,2966034
FA003,FA_from_Lightning,2622564
FA004,FA_from_Lightning,3580636
FA005,FA_from_Lightning,4930504
FA006,FA_from_Lightning,3900170
FA007,FA_from_Lightning,6281774
FA008,FA_from_Lightning,6403726
FA009,FA_from_Lightning,3016898
FA010,FA_from_Lightning,3040638
FA011,FA_from_Lightning,3113870
FA012,FA_from_Lightning,3900226
FA013,FA_from_Lightning,3678490
FA014,FA_from_Lightning,3800664
FA015,FA_from_Lightning,3384110
FA016,FA_from_Lightning,4119932
FA017,FA_from_Lightning,3801940
FA018,FA_from_Lightning,3875452
FA019,ikeda_result,91996410
FA020,disassembly-nuip_4,34200606
FA021,disassembly-nuip_4,67621926
FA022,disassembly-nuip_4,46035332
FA023,disassembly-nuip_4,50384490
FA024,disassembly-nuip_4,40615260
FA025,disassembly-nuip_4,88149810
FA026,disassembly-nuip_4,69765532
FA027,disassembly-nuip_4,29114820
FA028,FA_from_Lightning,19546668
FA029,disassembly-nuip_4,45210206
FA030,disassembly-nuip_4,28292410
FA031,disassembly-nuip_4,46027732
FA032,disassembly-nuip_4,27550574
FA033,disassembly-nuip_4,32975934
FA034,disassembly-nuip_4,31901886
FA035,disassembly-nuip_4,45783660
FA036,disassembly-nuip_4,28046634
FA037,disassembly-nuip_4,28453306
FA038,disassembly-nuip_4,41512316
FA039,disassembly-nuip_4,40029842
FA040,disassembly-nuip_4,46367040
FA041,disassembly-nuip_4,58934732
FA042,disassembly-nuip_4,170402336
FA043,disassembly-nuip_4,92767984
FA044,disassembly-nuip_4,247269534
FA045,disassembly-nuip_4,151876516
FA046,disassembly-nuip_4,202467344
FA047,FA_from_Lightning,47145330
FA048,disassembly-nuip_4,61478926
FA049,disassembly-nuip_4,111897734
FA050,disassembly-nuip_4,517612682
FA051,disassembly-nuip_4,65739366
FA052,disassembly-nuip_4,137186120
FA053,disassembly-nuip_4,153986680
FA054,FA_from_Lightning,22113530
FA055,disassembly-nuip_4,83498850
FA056,disassembly-nuip_4,77904428
FA057,disassembly-nuip_4,283105014
FA058,disassembly-nuip_4,366977186
FA059,disassembly-nuip_4,394418322
FA060,disassembly-nuip_4,457617698
FA061,disassembly-nuip_4,306268536
FA062,disassembly-nuip_4,582129192
FA063,disassembly-nuip_4,761943984
FA064,disassembly-nuip_4,628207530
FA065,disassembly-nuip_4,2585243568
FA066,disassembly-nuip_4,480234200
FA067,disassembly-nuip_4,829457490
FA068,disassembly-nuip_4,645762996
FA069,disassembly-nuip_4,1012507312
FA070,disassembly-nuip_4,889171708
FA071,disassembly-nuip_4,351705172
FA072,disassembly-nuip_4,469846916
FA073,disassembly-nuip_4,756101156
FA074,disassembly-nuip_4,1709652474
FA075,FA_from_Lightning,3139009592
FA076,disassembly-nuip_4,1645368288
FA077,disassembly-nuip_4,562670048
FA078,disassembly-nuip_4,1338004132
FA079,disassembly-nuip_4,1375065302
FA080,disassembly-nuip_4,1027932488
FA081,disassembly-nuip_4,2582404040
FA082,disassembly-nuip_4,2322796164
FA083,disassembly-nuip_4,672547740
FA084,disassembly-nuip_4,909478870
FA085,disassembly-nuip_4,7050576994
FA086,disassembly-nuip_4,1020516740
FA087,disassembly-nuip_4,708495126
FA088,disassembly-nuip_4,683894440
FA089,disassembly-nuip_4,3081803452
FA090,disassembly-nuip_4,21047435020
FA091,disassembly-nuip_4,3203233620
FA092,disassembly-nuip_4,4042505356
FA093,disassembly-nuip_4,1271085328
FA094,disassembly-nuip_4,868344922
FA095,disassembly-nuip_4,1106594224
FA096,disassembly-nuip_4,4944813266
FA097,disassembly-nuip_4,1839805434
FA098,disassembly-nuip_4,2775929538
FA099,disassembly-nuip_4,2563792328
FA100,disassembly-nuip_4,2045786714
FA101,disassembly-nuip_4,989788078
FA102,disassembly-nuip_4,1543145942
FA103,disassembly-nuip_4,4233116720
FA104,disassembly-nuip_4,13499987375
FA105,disassembly-nuip_4,30709056668
FA106,disassembly-nuip_4,12419708744
FA107,disassembly-nuip_4,5470141902
FA108,disassembly-nuip_4,18498255694
FA109,disassembly-nuip_4,6120097848
FA110,disassembly-nuip_4,12557394510
FA111,disassembly-nuip_4,8281876910
FA112,disassembly-nuip_4,7931846880
FA113,disassembly-nuip_4,1656507152
FA114,disassembly-nuip_4,2046628064
FA115,disassembly-nuip_4,65854025712
FA116,disassembly-nuip_4,23060413744
FA117,disassembly-nuip_4,17091273590
FA118,disassembly-nuip_4,4693652180
FA119,disassembly-nuip_4,10335740020
FA120,disassembly-nuip_4,14573303190
FA121,disassembly-nuip_4,6452268028
FA122,disassembly-nuip_4,7805788300
FA123,disassembly-nuip_4,59100676654
FA124,FA_from_Lightning,759102980
FA125,disassembly-nuip_4,3343127180
FA126,disassembly-nuip_4,9492416176
FA127,disassembly-nuip_4,4465546508
FA128,disassembly-nuip_4,10830905074
FA129,disassembly-nuip_4,6059166742
FA130,disassembly-nuip_4,7298606260
FA131,disassembly-nuip_4,6158143242
FA132,disassembly-nuip_4,5386896844
FA133,disassembly-nuip_4,6011133302
FA134,disassembly-nuip_4,2475797338
FA135,disassembly-nuip_4,3988359948
FA136,disassembly-nuip_4,6020113792
FA137,disassembly-nuip_4,19921112012
FA138,FA_from_Lightning,549211552448
FA139,disassembly-nuip_4,38390527974
FA140,disassembly-nuip_4,7487158438
FA141,disassembly-nuip_4,11225669480
FA142,disassembly-nuip_4,7476782372
FA143,FA_from_Lightning,1365929255468
FA144,FA_from_Lightning,339826401284
FA145,FA_from_Lightning,390232934212
FA146,FA_from_Lightning,556795745308
FA147,disassembly-nuip_4,11754558368
FA148,disassembly-nuip_4,6066460330
FA149,FA_from_Lightning,1173783161488
FA150,disassembly-nuip_4,25199489448
FA151,FA_from_Lightning,535499787024
FA152,disassembly-nuip_4,54671710500
FA153,disassembly-nuip_4,19501109076
FA154,disassembly-nuip_4,31250495098
FA155,disassembly-nuip_4,7067171188
FA156,disassembly-nuip_4,11391580602
FA157,disassembly-nuip_4,35531399856
FA158,disassembly-nuip_4,26131114588
FA159,disassembly-nuip_4,19578213066
FA160,FA_from_Lightning,1486860685408
FA161,FA_from_Lightning,1502987229876
FA162,FA_from_Lightning,106850383948
FA163,FA_from_Lightning,3725997180740
FA164,FA_from_Lightning,3655773242284
FA165,FA_from_Lightning,3586183850228
FA166,FA_from_Lightning,3206929685004
FA167,FA_from_Lightning,507676903910
FA168,disassembly-nuip_4,52376031362
FA169,disassembly-nuip_4,170462148014
FA170,FA_from_Lightning,6966181210484
FA171,disassembly-nuip_4,33450786670
FA172,FA_from_Lightning,2268972083096
FA173,FA_from_Lightning,8463388705876
FA174,FA_from_Lightning,6041168615492
FA175,FA_from_Lightning,16706239917720
FA176,disassembly-nuip_4,260356751000
FA177,ikeda_result,400610648060
FA178,FA_from_Lightning,61168021516552
FA179,FA_from_Lightning,8382189897412
FA180,FA_from_Lightning,10558870804904
FA181,FA_from_Lightning,12020462321576
FA182,FA_from_Lightning,9190090802944
FA183,FA_from_Lightning,21211320977516
FA184,FA_from_Lightning,15289674055832
FA185,FA_from_Lightning,12007022255892
FA186,FA_from_Lightning,54817837329272
FD001,logicmachine-disasm_5,382419
FD002,logicmachine-disasm_5,389412
FD003,logicmachine-disasm_5,408244
FD004,logicmachine-disasm_5,437689
FD005,logicmachine-disasm_5,427434
FD006,logicmachine-disasm_5,383678
FD007,logicmachine-disasm_5,420554
FD008,logicmachine-disasm_5,368634
FD009,logicmachine-disasm_5,383392
FD010,logicmachine-disasm_5,405694
FD011,logicmachine-disasm_5,387863
FD012,logicmachine-disasm_5,435942
FD013,logicmachine-disasm_5,386714
FD014,logicmachine-disasm_5,435033
FD015,logicmachine-disasm_5,388679
FD016,logicmachine-disasm_5,434337
FD017,logicmachine-disasm_5,434463
FD018,logicmachine-disasm_5,434448
FD019,logicmachine-disasm_5,1359244
FD020,logicmachine-disasm_5,1622884
FD021,logicmachine-disasm_5,1497844
FD022,logicmachine-disasm_5,1567324
FD023,logicmachine-disasm_5,1547244
FD024,logicmachine-disasm_5,1583244
FD025,logicmachine-disasm_5,1409004
FD026,logicmachine-disasm_5,1480344
FD027,logicmachine-disasm_5,1432384
FD028,logicmachine-disasm_5,1471384
FD029,logicmachine-disasm_5,1566724
FD030,logicmachine-disasm_5,1644724
FD031,logicmachine-disasm_5,1576124
FD032,logicmachine-disasm_5,1645484
FD033,logicmachine-disasm_5,1624939
FD034,logicmachine-disasm_5,1648174
FD035,logicmachine-disasm_5,1578694
FD036,logicmachine-disasm_5,1640470
FD037,logicmachine-disasm_5,1652545
FD038,logicmachine-disasm_5,1596849
FD039,logicmachine-disasm_5,1620684
FD040,logicmachine-disasm_5,1561689
FD041,logicmachine-disasm_5,1506444
FD042,logicmachine-disasm_4,34307766
FD043,logicmachine-disasm_4,18016149
FD044,logicmachine-disasm_4,34164831
FD045,logicmachine-disasm_4,34124394
FD046,logicmachine-disasm_4,34045974
FD047,logicmachine-disasm_4,30935661
FD048,logicmachine-disasm_5,8274720
FD049,logicmachine-disasm_4,22276448
FD050,logicmachine-disasm_5,23225690
FD051,logicmachine-disasm_5,8264808
FD052,logicmachine-disasm_5,10121500
FD053,logicmachine-disasm_4,21426480
FD054,logicmachine-disasm_5,7493739
FD055,logicmachine-disasm_5,9602057
FD056,logicmachine-disasm_4,19965601
FD057,logicmachine-disasm_5,35370692
FD058,logicmachine-disasm_4,70526668
FD059,logicmachine-disasm_5,25489504
FD060,logicmachine-disasm_5,26654627
FD061,logicmachine-disasm_5,38327835
FD062,logicmachine-disasm_5,40193453
FD063,logicmachine-disasm_4,115819418
FD064,logicmachine-disasm_5,40247393
FD065,logicmachine-disasm_5,111345185
FD066,logicmachine-disasm_5,42824101
FD067,logicmachine-disasm_5,42751468
FD068,logicmachine-disasm_5,32298412
FD069,logicmachine-disasm_5,38115779
FD070,logicmachine-disasm_5,43830478
FD071,logicmachine-disasm_5,33083978
FD072,logicmachine-disasm_5,40850827
FD073,logicmachine-disasm_4,117892569
FD074,logicmachine-disasm_5,66902890
FD075,logicmachine-disasm_5,74271089
FD076,logicmachine-disasm_5,103328094
FD077,logicmachine-disasm_5,31626080
FD078,logicmachine-disasm_5,72927910
FD079,logicmachine-disasm_4,270636887
FD080,logicmachine-disasm_4,196546918
FD081,logicmachine-disasm_4,229036665
FD082,logicmachine-disasm_4,214802415
FD083,logicmachine-disasm_4,197726624
FD084,logicmachine-disasm_4,305875517
FD085,logicmachine-disasm_5,366766415
FD086,logicmachine-disasm_5,95214525
FD087,logicmachine-disasm_5,96748023
FD088,logicmachine-disasm_5,113660222
FD089,logicmachine-disasm_5,144101519
FD090,logicmachine-disasm_5,344888874
FD091,logicmachine-disasm_5,139417568
FD092,logicmachine-disasm_5,139240426
FD093,logicmachine-disasm_4,404188086
FD094,logicmachine-disasm_4,427493567
FD095,logicmachine-disasm_4,171993455
FD096,logicmachine-disasm_4,365734738
FD097,logicmachine-disasm_4,333605874
FD098,logicmachine-disasm_5,164338591
FD099,logicmachine-disasm_4,479843714
FD100,logicmachine-disasm_4,316520601
FD101,logicmachine-disasm_5,121405225
FD102,logicmachine-disasm_4,218204167
FD103,logicmachine-disasm_5,203021501
FD104,logicmachine-disasm_5,295953246
FD105,logicmachine-disasm_5,447606969
FD106,logicmachine-disasm_5,374104523
FD107,logicmachine-disasm_5,536081980
FD108,logicmachine-disasm_5,346544355
FD109,logicmachine-disasm_5,262718601
FD110,logicmachine-disasm_5,320759703
FD111,logicmachine-disasm_4,863834056
FD112,logicmachine-disasm_4,692631489
FD113,logicmachine-disasm_5,288101775
FD114,logicmachine-disasm_4,1068040240
FD115,logicmachine-disasm_5,1132496930
FD116,logicmachine-disasm_4,1400816758
FD117,logicmachine-disasm_4,2259161298
FD118,logicmachine-disasm_5,503814064
FD119,logicmachine-disasm_4,1064623739
FD120,logicmachine-disasm_4,1737059612
FD121,logicmachine-disasm_4,464771895
FD122,logicmachine-disasm_4,758958257
FD123,logicmachine-disasm_4,2591529051
FD124,logicmachine-disasm_4,360034335
FD125,logicmachine-disasm_5,384877864
FD126,logicmachine-disasm_4,1154848063
FD127,logicmachine-disasm_5,309177972
FD128,logicmachine-disasm_4,743931626
FD129,logicmachine-disasm_4,705190417
FD130,logicmachine-disasm_4,1707452064
FD131,logicmachine-disasm_4,741937468
FD132,logicmachine-disasm_4,705420269
FD133,logicmachine-disasm_4,693249890
FD134,logicmachine-disasm_4,696473542
FD135,logicmachine-disasm_4,498173199
FD136,logicmachine-disasm_4,924465035
FD137,logicmachine-disasm_4,4869849334
FD138,logicmachine-disasm_4,4709472249
FD139,logicmachine-disasm_4,2555263145
FD140,logicmachine-disasm_4,1907997895
FD141,logicmachine-disasm_5,648334678
FD142,logicmachine-disasm_4,1850565544
FD143,logicmachine-disasm_4,1906248593
FD144,logicmachine-disasm_5,1480344152
FD145,logicmachine-disasm_4,3801379669
FD146,logicmachine-disasm_4,2276171415
FD147,logicmachine-disasm_4,2022350525
FD148,logicmachine-disasm_4,2132235055
FD149,logicmachine-disasm_4,1643188710
FD150,logicmachine-disasm_4,1928506642
FD151,logicmachine-disasm_5,1177260466
FD152,logicmachine-disasm_4,2524138609
FD153,logicmachine-disasm_5,891098710
FD154,logicmachine-disasm_4,2991114499
FD155,logicmachine-disasm_4,1031685535
FD156,logicmachine-disasm_4,1176743893
FD157,logicmachine-disasm_4,5721352060
FD158,logicmachine-disasm_4,2083132243
FD159,logicmachine-disasm_4,3803071210
FD160,logicmachine-disasm_5,1111090772
FD161,logicmachine-disasm_5,1168246083
FD162,logicmachine-disasm_4,9196428161
FD163,logicmachine-disasm_4,17371048340
FD164,logicmachine-disasm_4,24030745447
FD165,logicmachine-disasm_4,12516400240
FD166,logicmachine-disasm_4,6732454535
FD167,logicmachine-disasm_5,3337669432
FD168,logicmachine-disasm_4,6954743548
FD169,logicmachine-disasm_4,10824556111
FD170,logicmachine-disasm_4,16832329432
FD171,logicmachine-disasm_4,7078540257
FD172,logicmachine-disasm_4,13468062126
FD173,logicmachine-disasm_4,58495793471
FD174,logicmachine-disasm_4,28938244923
FD175,logicmachine-disasm_4,37629978375
FD176,logicmachine-disasm_4,20365601798
FD177,logicmachine-disasm_5,4599688943
FD178,logicmachine-disasm_4,54427757762
FD179,logicmachine-disasm_4,56307761301
FD180,logicmachine-disasm_4,51161977444
FD181,logicmachine-disasm_4,94971245924
FD182,logicmachine-disasm_4,71209479517
FD183,logicmachine-disasm_4,45357158534
FD184,logicmachine-disasm_4,101307685160
FD185,logicmachine-disasm_4,39936824629
FD186,logicmachine-disasm_4,108794327779
FR001,fr_logicmachine-disasm_4,3977170
FR002,fr_logicmachine-disasm_4,6817395
FR003,fr_logicmachine-disasm_4,6626388
FR004,fr_logicmachine-disasm_4,4264069
FR005,fr_logicmachine-disasm_4,4090412
FR006,fr_logicmachine-disasm_4,4163358
FR007,fr_logicmachine-disasm_4,3524883
FR008,fr_logicmachine-disasm_4,4484591
FR009,fr_logicmachine-disasm_4,4212257
FR010,fr_logicmachine-disasm_4,4285895
FR011,fr_logicmachine-disasm_4,3794538
FR012,fr_logicmachine-disasm_4,93413234
FR013,fr_logicmachine-disasm_4,68900150
FR014,fr_logicmachine-disasm_4,47452156
FR015,fr_logicmachine-disasm_4,69108230
FR016,fr_logicmachine-disasm_4,35478830
FR017,fr_logicmachine-disasm_4,93538274
FR018,fr_logicmachine-disasm_4,47577196
FR019,fr_logicmachine-disasm_4,35686910
FR020,fr_logicmachine-disasm_4,46561570
FR021,fr_logicmachine-disasm_4,30600524
FR022,fr_logicmachine-disasm_4,29682774
FR023,fr_logicmachine-disasm_4,21110372
FR024,fr_logicmachine-disasm_4,34392758
FR025,fr_logicmachine-disasm_4,69165845
FR026,fr_logicmachine-disasm_4,47200484
FR027,fr_logicmachine-disasm_4,29781290
FR028,fr_logicmachine-disasm_4,51924154
FR029,fr_logicmachine-disasm_4,47645264
FR030,fr_logicmachine-disasm_4,60212956
FR031,fr_logicmachine-disasm_4,29045678
FR032,fr_logicmachine-disasm_4,47592196
FR033,fr_logicmachine-disasm_4,60415401
FR034,fr_logicmachine-disasm_4,47792464
FR035,fr_logicmachine-disasm_4,99985502
FR036,fr_updated_2,116054311
FR037,fr_logicmachine-disasm_4,126883730
FR038,fr_logicmachine-disasm_4,188226465
FR039,fr_logicmachine-disasm_4,136899274
FR040,fr_logicmachine-disasm_4,214533626
FR041,fr_logicmachine-disasm_4,185849327
FR042,fr_logicmachine-disasm_4,236440155
FR043,fr_logicmachine-disasm_4,281201908
FR044,fr_logicmachine-disasm_4,281123488
FR045,fr_updated,35370716
FR046,fr_logicmachine-disasm_4,353256662
FR047,fr_updated,99992656
FR048,fr_updated,99242614
FR049,fr_logicmachine-disasm_4,482732182
FR050,fr_logicmachine-disasm_4,420697929
FR051,dfltTracesF,-1
FR052,fr_updated_2,1
FR053,fr_logicmachine-disasm_4,667752963
FR054,fr_logicmachine-disasm_4,796303963
FR055,fr_logicmachine-disasm_4,1826897023
FR056,fr_updated,66902914
FR057,fr_logicmachine-disasm_4,1718991357
FR058,fr_updated,103328118
FR059,fr_logicmachine-disasm_4,500824976
FR060,fr_logicmachine-disasm_4,1446964192
FR061,fr_logicmachine-disasm_4,1297540355
FR062,fr_logicmachine-disasm_4,2777921938
FR063,fr_updated,229036689
FR064,fr_logicmachine-disasm_4,1551777527
FR065,fr_updated,305875541
FR066,fr_updated_2,1
FR067,fr_updated_2,1
FR068,fr_logicmachine-disasm_4,4449784867
FR069,fr_updated,203021525
FR070,fr_updated_2,1
FR071,fr_updated,536082004
FR072,fr_logicmachine-disasm_4,18816828377
FR073,fr_updated,346544379
FR074,fr_updated,991507492
FR075,fr_updated,991507492
FR076,fr_updated,2905463272
FR077,fr_logicmachine-disasm_4,6551322048
FR078,fr_logicmachine-disasm_4,8000796657
FR079,fr_updated,1707452088
FR080,fr_logicmachine-disasm_4,6125834292
FR081,fr_logicmachine-disasm_4,6713553551
FR082,fr_logicmachine-disasm_4,3166047208
FR083,fr_logicmachine-disasm_4,4681833470
FR084,fr_logicmachine-disasm_4,6515286971
FR085,fr_updated_2,1
FR086,fr_updated,186634674
FR087,fr_logicmachine-disasm_4,554076217762
FR088,fr_updated_2,1
FR089,fr_logicmachine-disasm_4,555148702442
FR090,fr_updated_2,1
FR091,fr_logicmachine-disasm_4,12418082117
FR092,fr_logicmachine-disasm_4,8238731061
FR093,fr_updated,5942334038
FR094,fr_updated_2,1
FR095,fr_logicmachine-disasm_4,391708094344
FR096,fr_logicmachine-disasm_4,560591940957
FR097,fr_logicmachine-disasm_4,342097388679
FR098,fr_logicmachine-disasm_4,396170084206
FR099,fr_updated,5721352084
FR100,fr_logicmachine-disasm_4,3610204470655
FR101,fr_logicmachine-disasm_4,3683528210644
FR102,fr_updated_2,1
FR103,fr_logicmachine-disasm_4,3223492481638
FR104,fr_logicmachine-disasm_4,2276038335333
FR105,fr_logicmachine-disasm_4,8436600159154
FR106,fr_logicmachine-disasm_4,10613281066646
FR107,fr_logicmachine-disasm_4,61224311781833
FR108,fr_logicmachine-disasm_4,61219165997976
FR109,fr_logicmachine-disasm_4,10615161070185
FR110,fr_logicmachine-disasm_4,8433334378836
FR111,fr_logicmachine-disasm_4,12101969501796
FR112,fr_logicmachine-disasm_4,15335007214346
FR113,fr_logicmachine-disasm_4,21356141184748
FR114,dfltTracesF,-1
FR115,fr_logicmachine-disasm_4,55063556048412
